{"X_mean": [2.997, 0.285, 0.056, 0.182, 2.12741, 579.753, 995.472], "X_std": [1.9987473677218306, 0.4514144537210666, 0.22992173581119862, 0.3858445382753145, 5.425644247498437, 127.39470944096499, 100.53637758548258], "y_mean": 2338.544, "y_std": 800.5674488011684, "features": ["DayOfWeek", "IsWeekend", "IsHoliday", "Promo", "Rainfall", "Footfall", "Inventory"]}